year,discipline,status,total
2013,Realfag og teknologi,diamant,175
2013,Medisin og helsefag,diamant,112
2013,Samfunnsvitenskap,diamant,112
2013,Humaniora,diamant,67
2013,Realfag og teknologi,gull,840
2013,Medisin og helsefag,gull,706
2013,Samfunnsvitenskap,gull,359
2013,Humaniora,gull,172
2013,Realfag og teknologi,hybrid,299
2013,Medisin og helsefag,hybrid,227
2013,Samfunnsvitenskap,hybrid,143
2013,Humaniora,hybrid,59
2013,Realfag og teknologi,hybrid_avtale,0
2013,Medisin og helsefag,hybrid_avtale,0
2013,Samfunnsvitenskap,hybrid_avtale,0
2013,Humaniora,hybrid_avtale,0
2013,Realfag og teknologi,grønn,820
2013,Medisin og helsefag,grønn,656
2013,Samfunnsvitenskap,grønn,537
2013,Humaniora,grønn,288
2013,Realfag og teknologi,deponert,2
2013,Medisin og helsefag,deponert,1
2013,Samfunnsvitenskap,deponert,1
2013,Humaniora,deponert,1
2013,Realfag og teknologi,lukket,3824
2013,Medisin og helsefag,lukket,2642
2013,Samfunnsvitenskap,lukket,2505
2013,Humaniora,lukket,1598
2014,Realfag og teknologi,diamant,243
2014,Medisin og helsefag,diamant,181
2014,Samfunnsvitenskap,diamant,175
2014,Humaniora,diamant,99
2014,Realfag og teknologi,gull,985
2014,Medisin og helsefag,gull,885
2014,Samfunnsvitenskap,gull,466
2014,Humaniora,gull,216
2014,Realfag og teknologi,hybrid,487
2014,Medisin og helsefag,hybrid,349
2014,Samfunnsvitenskap,hybrid,212
2014,Humaniora,hybrid,85
2014,Realfag og teknologi,hybrid_avtale,0
2014,Medisin og helsefag,hybrid_avtale,0
2014,Samfunnsvitenskap,hybrid_avtale,0
2014,Humaniora,hybrid_avtale,0
2014,Realfag og teknologi,grønn,987
2014,Medisin og helsefag,grønn,770
2014,Samfunnsvitenskap,grønn,629
2014,Humaniora,grønn,340
2014,Realfag og teknologi,deponert,1
2014,Medisin og helsefag,deponert,1
2014,Samfunnsvitenskap,deponert,1
2014,Humaniora,deponert,0
2014,Realfag og teknologi,lukket,4017
2014,Medisin og helsefag,lukket,2598
2014,Samfunnsvitenskap,lukket,2387
2014,Humaniora,lukket,1493
2015,Realfag og teknologi,diamant,264
2015,Medisin og helsefag,diamant,187
2015,Samfunnsvitenskap,diamant,174
2015,Humaniora,diamant,112
2015,Realfag og teknologi,gull,1118
2015,Medisin og helsefag,gull,1089
2015,Samfunnsvitenskap,gull,528
2015,Humaniora,gull,227
2015,Realfag og teknologi,hybrid,555
2015,Medisin og helsefag,hybrid,378
2015,Samfunnsvitenskap,hybrid,246
2015,Humaniora,hybrid,105
2015,Realfag og teknologi,hybrid_avtale,0
2015,Medisin og helsefag,hybrid_avtale,0
2015,Samfunnsvitenskap,hybrid_avtale,0
2015,Humaniora,hybrid_avtale,0
2015,Realfag og teknologi,grønn,1122
2015,Medisin og helsefag,grønn,948
2015,Samfunnsvitenskap,grønn,632
2015,Humaniora,grønn,363
2015,Realfag og teknologi,deponert,1
2015,Medisin og helsefag,deponert,1
2015,Samfunnsvitenskap,deponert,1
2015,Humaniora,deponert,0
2015,Realfag og teknologi,lukket,3643
2015,Medisin og helsefag,lukket,2808
2015,Samfunnsvitenskap,lukket,2129
2015,Humaniora,lukket,1510
2016,Realfag og teknologi,diamant,316
2016,Medisin og helsefag,diamant,221
2016,Samfunnsvitenskap,diamant,231
2016,Humaniora,diamant,145
2016,Realfag og teknologi,gull,1395
2016,Medisin og helsefag,gull,1272
2016,Samfunnsvitenskap,gull,610
2016,Humaniora,gull,282
2016,Realfag og teknologi,hybrid,621
2016,Medisin og helsefag,hybrid,424
2016,Samfunnsvitenskap,hybrid,301
2016,Humaniora,hybrid,109
2016,Realfag og teknologi,hybrid_avtale,0
2016,Medisin og helsefag,hybrid_avtale,0
2016,Samfunnsvitenskap,hybrid_avtale,0
2016,Humaniora,hybrid_avtale,0
2016,Realfag og teknologi,grønn,1333
2016,Medisin og helsefag,grønn,1064
2016,Samfunnsvitenskap,grønn,748
2016,Humaniora,grønn,444
2016,Realfag og teknologi,deponert,3
2016,Medisin og helsefag,deponert,2
2016,Samfunnsvitenskap,deponert,1
2016,Humaniora,deponert,1
2016,Realfag og teknologi,lukket,3564
2016,Medisin og helsefag,lukket,2442
2016,Samfunnsvitenskap,lukket,2095
2016,Humaniora,lukket,1332
2017,Realfag og teknologi,diamant,379
2017,Medisin og helsefag,diamant,264
2017,Samfunnsvitenskap,diamant,276
2017,Humaniora,diamant,178
2017,Realfag og teknologi,gull,1742
2017,Medisin og helsefag,gull,1571
2017,Samfunnsvitenskap,gull,734
2017,Humaniora,gull,331
2017,Realfag og teknologi,hybrid,704
2017,Medisin og helsefag,hybrid,464
2017,Samfunnsvitenskap,hybrid,323
2017,Humaniora,hybrid,132
2017,Realfag og teknologi,hybrid_avtale,0
2017,Medisin og helsefag,hybrid_avtale,0
2017,Samfunnsvitenskap,hybrid_avtale,0
2017,Humaniora,hybrid_avtale,0
2017,Realfag og teknologi,grønn,2027
2017,Medisin og helsefag,grønn,1753
2017,Samfunnsvitenskap,grønn,1363
2017,Humaniora,grønn,733
2017,Realfag og teknologi,deponert,1
2017,Medisin og helsefag,deponert,1
2017,Samfunnsvitenskap,deponert,1
2017,Humaniora,deponert,0
2017,Realfag og teknologi,lukket,2876
2017,Medisin og helsefag,lukket,2104
2017,Samfunnsvitenskap,lukket,1764
2017,Humaniora,lukket,1111
2018,Realfag og teknologi,diamant,433
2018,Medisin og helsefag,diamant,308
2018,Samfunnsvitenskap,diamant,300
2018,Humaniora,diamant,186
2018,Realfag og teknologi,gull,1755
2018,Medisin og helsefag,gull,1617
2018,Samfunnsvitenskap,gull,704
2018,Humaniora,gull,348
2018,Realfag og teknologi,hybrid,841
2018,Medisin og helsefag,hybrid,565
2018,Samfunnsvitenskap,hybrid,404
2018,Humaniora,hybrid,157
2018,Realfag og teknologi,hybrid_avtale,0
2018,Medisin og helsefag,hybrid_avtale,0
2018,Samfunnsvitenskap,hybrid_avtale,0
2018,Humaniora,hybrid_avtale,0
2018,Realfag og teknologi,grønn,2488
2018,Medisin og helsefag,grønn,1888
2018,Samfunnsvitenskap,grønn,1450
2018,Humaniora,grønn,763
2018,Realfag og teknologi,deponert,5
2018,Medisin og helsefag,deponert,3
2018,Samfunnsvitenskap,deponert,2
2018,Humaniora,deponert,2
2018,Realfag og teknologi,lukket,2826
2018,Medisin og helsefag,lukket,1832
2018,Samfunnsvitenskap,lukket,1626
2018,Humaniora,lukket,1016
2019,Realfag og teknologi,diamant,491
2019,Medisin og helsefag,diamant,333
2019,Samfunnsvitenskap,diamant,349
2019,Humaniora,diamant,208
2019,Realfag og teknologi,gull,2252
2019,Medisin og helsefag,gull,2000
2019,Samfunnsvitenskap,gull,943
2019,Humaniora,gull,464
2019,Realfag og teknologi,hybrid,849
2019,Medisin og helsefag,hybrid,636
2019,Samfunnsvitenskap,hybrid,415
2019,Humaniora,hybrid,160
2019,Realfag og teknologi,hybrid_avtale,501
2019,Medisin og helsefag,hybrid_avtale,381
2019,Samfunnsvitenskap,hybrid_avtale,227
2019,Humaniora,hybrid_avtale,102
2019,Realfag og teknologi,grønn,2459
2019,Medisin og helsefag,grønn,2079
2019,Samfunnsvitenskap,grønn,1451
2019,Humaniora,grønn,769
2019,Realfag og teknologi,deponert,3
2019,Medisin og helsefag,deponert,2
2019,Samfunnsvitenskap,deponert,1
2019,Humaniora,deponert,1
2019,Realfag og teknologi,lukket,2090
2019,Medisin og helsefag,lukket,1450
2019,Samfunnsvitenskap,lukket,1309
2019,Humaniora,lukket,834
2020,Realfag og teknologi,diamant,485
2020,Medisin og helsefag,diamant,364
2020,Samfunnsvitenskap,diamant,371
2020,Humaniora,diamant,219
2020,Realfag og teknologi,gull,2532
2020,Medisin og helsefag,gull,2284
2020,Samfunnsvitenskap,gull,1186
2020,Humaniora,gull,534
2020,Realfag og teknologi,hybrid,976
2020,Medisin og helsefag,hybrid,712
2020,Samfunnsvitenskap,hybrid,469
2020,Humaniora,hybrid,178
2020,Realfag og teknologi,hybrid_avtale,1493
2020,Medisin og helsefag,hybrid_avtale,1197
2020,Samfunnsvitenskap,hybrid_avtale,712
2020,Humaniora,hybrid_avtale,321
2020,Realfag og teknologi,grønn,2074
2020,Medisin og helsefag,grønn,1607
2020,Samfunnsvitenskap,grønn,1233
2020,Humaniora,grønn,654
2020,Realfag og teknologi,deponert,14
2020,Medisin og helsefag,deponert,8
2020,Samfunnsvitenskap,deponert,7
2020,Humaniora,deponert,5
2020,Realfag og teknologi,lukket,1717
2020,Medisin og helsefag,lukket,1229
2020,Samfunnsvitenskap,lukket,1091
2020,Humaniora,lukket,668
2021,Realfag og teknologi,diamant,503
2021,Medisin og helsefag,diamant,375
2021,Samfunnsvitenskap,diamant,357
2021,Humaniora,diamant,230
2021,Realfag og teknologi,gull,3009
2021,Medisin og helsefag,gull,2777
2021,Samfunnsvitenskap,gull,1382
2021,Humaniora,gull,602
2021,Realfag og teknologi,hybrid,1283
2021,Medisin og helsefag,hybrid,852
2021,Samfunnsvitenskap,hybrid,596
2021,Humaniora,hybrid,224
2021,Realfag og teknologi,hybrid_avtale,1915
2021,Medisin og helsefag,hybrid_avtale,1424
2021,Samfunnsvitenskap,hybrid_avtale,815
2021,Humaniora,hybrid_avtale,385
2021,Realfag og teknologi,grønn,1693
2021,Medisin og helsefag,grønn,1486
2021,Samfunnsvitenskap,grønn,1101
2021,Humaniora,grønn,554
2021,Realfag og teknologi,deponert,12
2021,Medisin og helsefag,deponert,7
2021,Samfunnsvitenskap,deponert,6
2021,Humaniora,deponert,5
2021,Realfag og teknologi,lukket,1778
2021,Medisin og helsefag,lukket,1269
2021,Samfunnsvitenskap,lukket,1093
2021,Humaniora,lukket,683
2022,Realfag og teknologi,diamant,542
2022,Medisin og helsefag,diamant,397
2022,Samfunnsvitenskap,diamant,358
2022,Humaniora,diamant,209
2022,Realfag og teknologi,gull,3159
2022,Medisin og helsefag,gull,2754
2022,Samfunnsvitenskap,gull,1445
2022,Humaniora,gull,670
2022,Realfag og teknologi,hybrid,1302
2022,Medisin og helsefag,hybrid,995
2022,Samfunnsvitenskap,hybrid,670
2022,Humaniora,hybrid,246
2022,Realfag og teknologi,hybrid_avtale,1884
2022,Medisin og helsefag,hybrid_avtale,1463
2022,Samfunnsvitenskap,hybrid_avtale,752
2022,Humaniora,hybrid_avtale,369
2022,Realfag og teknologi,grønn,1455
2022,Medisin og helsefag,grønn,1076
2022,Samfunnsvitenskap,grønn,779
2022,Humaniora,grønn,443
2022,Realfag og teknologi,deponert,19
2022,Medisin og helsefag,deponert,13
2022,Samfunnsvitenskap,deponert,9
2022,Humaniora,deponert,7
2022,Realfag og teknologi,lukket,1445
2022,Medisin og helsefag,lukket,1079
2022,Samfunnsvitenskap,lukket,905
2022,Humaniora,lukket,534
2023,Realfag og teknologi,diamant,615
2023,Medisin og helsefag,diamant,444
2023,Samfunnsvitenskap,diamant,429
2023,Humaniora,diamant,240
2023,Realfag og teknologi,gull,3537
2023,Medisin og helsefag,gull,3013
2023,Samfunnsvitenskap,gull,1378
2023,Humaniora,gull,656
2023,Realfag og teknologi,hybrid,1494
2023,Medisin og helsefag,hybrid,1088
2023,Samfunnsvitenskap,hybrid,708
2023,Humaniora,hybrid,304
2023,Realfag og teknologi,hybrid_avtale,2120
2023,Medisin og helsefag,hybrid_avtale,1460
2023,Samfunnsvitenskap,hybrid_avtale,925
2023,Humaniora,hybrid_avtale,394
2023,Realfag og teknologi,grønn,1204
2023,Medisin og helsefag,grønn,987
2023,Samfunnsvitenskap,grønn,697
2023,Humaniora,grønn,396
2023,Realfag og teknologi,deponert,34
2023,Medisin og helsefag,deponert,19
2023,Samfunnsvitenskap,deponert,17
2023,Humaniora,deponert,12
2023,Realfag og teknologi,lukket,1364
2023,Medisin og helsefag,lukket,927
2023,Samfunnsvitenskap,lukket,817
2023,Humaniora,lukket,487
2024,Realfag og teknologi,diamant,639
2024,Medisin og helsefag,diamant,455
2024,Samfunnsvitenskap,diamant,410
2024,Humaniora,diamant,275
2024,Realfag og teknologi,gull,3167
2024,Medisin og helsefag,gull,2860
2024,Samfunnsvitenskap,gull,1417
2024,Humaniora,gull,646
2024,Realfag og teknologi,hybrid,1495
2024,Medisin og helsefag,hybrid,1200
2024,Samfunnsvitenskap,hybrid,728
2024,Humaniora,hybrid,293
2024,Realfag og teknologi,hybrid_avtale,2242
2024,Medisin og helsefag,hybrid_avtale,1603
2024,Samfunnsvitenskap,hybrid_avtale,971
2024,Humaniora,hybrid_avtale,421
2024,Realfag og teknologi,grønn,908
2024,Medisin og helsefag,grønn,728
2024,Samfunnsvitenskap,grønn,609
2024,Humaniora,grønn,294
2024,Realfag og teknologi,deponert,40
2024,Medisin og helsefag,deponert,24
2024,Samfunnsvitenskap,deponert,20
2024,Humaniora,deponert,15
2024,Realfag og teknologi,lukket,1363
2024,Medisin og helsefag,lukket,913
2024,Samfunnsvitenskap,lukket,805
2024,Humaniora,lukket,464
2025,Realfag og teknologi,diamant,622
2025,Medisin og helsefag,diamant,475
2025,Samfunnsvitenskap,diamant,450
2025,Humaniora,diamant,281
2025,Realfag og teknologi,gull,3351
2025,Medisin og helsefag,gull,2956
2025,Samfunnsvitenskap,gull,1415
2025,Humaniora,gull,696
2025,Realfag og teknologi,hybrid,1703
2025,Medisin og helsefag,hybrid,1281
2025,Samfunnsvitenskap,hybrid,804
2025,Humaniora,hybrid,321
2025,Realfag og teknologi,hybrid_avtale,1777
2025,Medisin og helsefag,hybrid_avtale,1368
2025,Samfunnsvitenskap,hybrid_avtale,761
2025,Humaniora,hybrid_avtale,359
2025,Realfag og teknologi,grønn,1019
2025,Medisin og helsefag,grønn,783
2025,Samfunnsvitenskap,grønn,577
2025,Humaniora,grønn,327
2025,Realfag og teknologi,deponert,309
2025,Medisin og helsefag,deponert,200
2025,Samfunnsvitenskap,deponert,151
2025,Humaniora,deponert,109
2025,Realfag og teknologi,lukket,1207
2025,Medisin og helsefag,lukket,837
2025,Samfunnsvitenskap,lukket,712
2025,Humaniora,lukket,450
